user,genero,profesion,ideology_binary
015f536ad54d267bef6d9a08019f735f,1,1,1
0281b081d05d7eeeca8be8cd6fbda012,1,1,0
02847e9520c09383f0eef78bf0a2db3f,1,2,1
02e0f6e09f29697d56432c85054b0c30,1,1,0
03056ef7c5f0da9e1c55b15d5fdd4f04,1,1,0
035d37b65d1890cc06c607e47461ede2,0,2,0
05b2de2e9daf8641fabae3d01a2e166a,0,2,0
05d98a214dadabf11418cac2e29be9bc,1,1,0
06c9c56fcc6ae95a754ce0f53f3e466d,1,1,1
071effba4bc51954a6e0c814a714ef49,1,1,0
07542bc0b8531795541319815b945d2c,1,1,1
076c5e1067111ea17225f7688523739a,1,1,0
0783cff003e3203de720a23971f47c50,1,1,0
08c87355378939101a5191b21987752a,0,1,0
09f03d531f8664019abc2cdf625eff3b,1,1,1
0aae942426feabef0101bab2409fb79f,1,1,0
0b0548bee9b45a95dbeb8c0fc0c27f29,1,1,0
0b8e7a1ba6f5a698af0edbf9386d9457,1,2,0
0b9d1fb6449478f5f6f19426a0bbd088,1,1,0
0bbde49cdb6c07a598eb255579f25cdc,1,1,0
0bca3f12f57e22702c9fff4f5484cdf8,1,1,0
0c07fb9371fa6dfda74083f7f8919502,1,1,0
0c92efbe64110f10ba794603824cd186,0,2,0
0cfa1f54449c0256191d2c31acc74936,1,1,1
0d01c57da5f1e8ad2b3dacd303db340b,1,1,0
0dc84955b7cb106db61766cd36005937,1,1,1
0e8cc0dc8c5e00f94185befe4eb5e95f,1,1,0
0faaffa8ec1173061e14b9606493c46e,1,2,1
1012d2d555890bec0d1dd9cd943dc501,1,1,1
10a5b86b4897ce67b940def64bf9973c,1,1,0
11366b1a63fb5f87e054a4e492811acc,1,1,0
1165cca6f126eb3679ed9e8e4fe3729b,1,1,0
117b7022b3a8adb73f739f74115fe8f8,1,1,0
1254a356f2692a686acaab115ec3a5ad,1,1,0
1297c0b51a8461810eef42f44b7febab,0,1,0
13204836d2f03fd85ee6984f28ea2c64,0,2,0
14d78e7ab6d241e60aa2319304cb28a2,0,2,0
150a69c41dccccfbf0549b6e20728632,1,1,0
15819a78d9647028ebf30fd20b9b5a54,1,1,0
15aae6b8b3c0350fae5161e2d5c853ef,1,1,1
15ce9fed8bc0b9051d8322ddf2600352,1,1,0
15eebfb9d1b04e9300c4ea239dbe3497,0,2,0
16186ef5d15a0a4735034063d980b885,1,2,1
161d3a64008702f8a20158690a04dd25,1,1,1
1632265ea408d76c05bd7894566fb120,1,1,0
169bfaacd023b571998c98eea3b95bb0,1,1,1
16e8e40080a28470ce8f696c20f3edf8,0,1,0
1708567b13a4aec55538b8205b30b1bc,1,1,1
171abb20b55489eed1a40ee20f2c8de5,1,1,0
17f9621e7e5853ca3295c03f5cc08b63,0,2,0
1804a19782c9ad51760a839964fb0612,1,1,0
18a8e29fce7874d6b17c1af5018fc762,1,1,1
18d21f579f851cda99d1d9b8cbc2614c,1,1,1
1960ad51c5d72c1c1ec970ee5aee8a95,1,1,0
1a0eff1170123153aa9991df1ef9766f,1,2,0
1ad64bae6c49e6bceeec7d7de6f9edce,1,1,1
1af03e6e7ed42291540c884bff3c24c9,0,1,0
1b1833101e1a12f074a64dce83d26b39,1,1,1
1b84b42afa585f80940f7314cdb137b8,1,2,0
1bcde66731f84966c80e580fc06a4b0e,0,2,0
1bd5fe4ab81315e8a5b3d0d6bad8a290,1,1,0
1c1195c2dc20d72116d8d61f3f63c5c1,1,1,1
1c849d37167c9ab496548f5b39f55a3e,0,2,0
1c961d42282ad367877393f1ae40449b,1,2,0
1d083202662a85e6d11923e7695e0f24,1,1,0
1d1d30caa02497f18fc5978301a8a804,1,1,0
1d76a667e4e93e57d0c469f6ec334a36,1,2,0
1da6d224ef3fac3d1edf95e29fc924a8,1,1,0
1df16af4439eda28b8dd784fea39b1a9,1,1,0
1e21be5b235cdc6fe04e868ff488269e,1,1,0
1e75695bb4a23cdaf055d06e271e00e9,0,2,0
1e9123f676aeae88c74443108716bb2b,0,1,0
1f7f6127a89240b5d45922801c706653,1,1,0
1f90955175b938b7a72ddbc05a170bed,1,1,1
206a61f1c5b93b0f501b54f4a5d1160e,1,1,0
211dd0135cc20b66259c2cc2ab9e9b35,1,2,1
2132d2c11d9ae617183e6f4de5bf11b4,1,1,1
215aa3ab7dbc14590b9b9cc4751b8f41,1,1,0
225dd95ed67755ba45b238915c310d2b,0,1,0
22c764b695cb4903cb4855c977645a72,1,2,0
249e7fc703f188d3731aa51f745e5d74,1,1,0
25165a8dc3f3a2807d21efeb1fb12b35,1,1,0
25a60235504a637cf500b1b839093d3e,1,1,1
2644e9586d48967449557c5a106aa204,1,1,0
2650bb4525cb03a58278aa85130f928c,1,2,1
2744d56de4169b32fba768f2eb7244c6,1,1,0
277e21841c74b03cb158b46b4e096319,1,1,0
290fc35ec6c7ed61b88ed9ccf3530b25,1,1,0
2a62cc7a8fe1fd74ac8602b4009ff247,1,1,1
2b019476cfb58a2c39a93329d130ce08,1,1,0
2b4d4bd44228986a3dd992a8ac61fa25,1,2,0
2b68c3c0f8f4854084375580fc0139d7,0,1,0
2b85154097b2fa6eae6c980a7dc383e1,1,1,0
2c5b66a073c0fb4cac038778c943920b,1,1,0
2dd726d35cb8f80823d49cdbb4743da9,1,1,0
2dffa9e7305daaaa1302b7e73774b8e2,1,2,0
2f809addb0db4cd541c553eb72b3fb72,1,1,0
303776b4b0e6567fb1ced6283a4e9567,0,1,0
30bff7741c5298c3f95a501f3a87a3dd,1,1,0
30cf83650d73419a3d6230e323b093a7,1,1,0
31fb18572b0790f3a8ac200f199865b7,0,1,0
327a89dab53f71be24b645ed276caca8,1,2,0
32a545144076801358e7e3b24a0aa8c3,1,1,0
3341bdb8b8a08360b8a26e52d2590efa,1,1,0
3503bd1d2b02a1e7f26b9e903aa7bb86,1,2,1
351ab378c9376c39f3f31e7b07effd86,1,1,0
354b11a7070781c52ee8a53c5beb7cd3,1,2,0
35a0d8432c2347082102f8e07a8cf310,1,1,0
3627dbf6d4879ccc6f75e158f268e7e8,1,1,0
36d8cbdfe0c130851ae96db385fbbe41,1,2,0
36f33191c6884fcacbaae331379f94cf,1,1,1
386fa99a781063f84d96b032ad011a2a,1,1,0
38acd2cfc4caa3f091234f195cbbe8f5,1,2,1
3988f8abc09ae43e74b3b11234e49e70,1,1,0
3aa1ff3c7059837af3ab4fe77cb2152e,1,1,1
3b1a1a63aad33b47d7526e155cf3e83a,1,2,0
3b4baa17cdff2dc1a8ab5cf14b0f99d8,1,1,0
3b70db9ed102c2b3b3c91d16c6ba8441,1,1,0
3bf73fd73a8abbcd86e0dfb3fe93a511,1,1,0
3c9a092c6f19fd1b693c81ad4af11281,1,2,0
3cd0e9473a2f5794f2dc7a7b4f40341d,1,2,0
3d279be6d9878abf48bb1a850569c283,1,1,1
3d4686813764014c7ca74121265c46fd,1,2,0
3dfb812745b2b36481fc319a2e0159f0,1,1,1
3f964fe5ce98c9992e4b8bb6e5e98449,1,2,0
3fca2222724a51123b0501e9ba980885,1,1,0
405b6e07490f938792a5ad268a5a3ec4,1,2,1
40da35ba384c6595d6fdd0315bfb1977,1,1,0
41d89a003a780d6d08f64be143a139a4,0,1,0
41dc712a79eb4fa42d6be198a7baa619,1,1,1
42116181199f9dbf8af8a45dcada7d3f,1,1,1
44037a14857758c5040883a5bec7a4de,1,1,0
440f298a6ce0e91035364fd4237f8953,1,1,0
442f70abb9026253226f7e8386c1976e,1,1,0
45db520f7b20efbc74c41403b38f1c59,1,1,1
468b9b9f440438baabc1c83f75c390d1,1,1,0
46f80d0d88a26954b83228905b2c289d,1,1,0
47368be2ec8392f33c6748388559b017,1,1,0
4789acce5080ecdb92c66fced5bf481b,1,1,1
484d9777c29a5d90d31ca50c358c469c,1,1,0
486674d31b0a3d44596dc565500f4709,1,1,1
4a192d26f14725e4eeb04407b7d27e30,1,1,1
4a3caff575583da5dca069b85ef53453,1,2,0
4a65833d01877517ba05bfef6522f465,1,1,0
4ab090858956f30321abae795b3db288,1,1,0
4bcaf666b9269e9dda62707ab4831f60,1,2,0
4bf4e195496f2c49452473bbd5256725,1,1,0
4c212414843b337c34a55ed1800e8854,1,1,0
4c47090de043f4ec08c40ade3f89154f,1,1,0
4d6c5dae804611dabffdf421870a9918,1,1,0
4d98959404ab450fba45517807f8dd0a,1,1,0
4dbc06baef4b8a83d3d47b65b5a4059b,1,1,1
4f755751daf3567e919c4554bcf985db,1,1,0
50d859ba0141343ae50b866e761b4e97,1,1,1
511a244d9bb3bc9b4d361c8fa893e068,1,1,0
511ee7d2053aa3287180316933ecb59f,1,1,0
52dfec59696eb0fdefe5c57e2728096c,0,2,0
5496e56acc1ff935cfff83632f1cd812,1,2,0
54a03671cf4c9f29efbfcfff66599a0f,1,2,0
551b26dc9e707f5caf82546e0e6296a1,1,1,0
552167e9a37e5192d0a9ea474f0ec7fe,1,1,0
55f34f6484885695deac526f780f6a3d,1,1,0
5684d69f9104ed21417552dabeda6f1c,0,1,0
56b6ed165067aac7ea1abedec6d71253,0,2,0
56f4135b74203db9384439d9d15c1b5a,1,1,0
5763f2d98c98e899a1ce0a1c1a0c11b2,1,1,0
57e1030ad2b55dad16e0600afffcfebe,1,1,0
585c3bc0ed285da48f7b435a8dc0b304,1,1,0
587a2ee5b2e7381b4e7f995c52fb107f,0,2,0
597b2a384bc6c94d3e2c6b354e72fe0c,1,1,0
5a8792d969e5c780400e19d97a4d9d0f,1,1,0
5ac6b7aa694e7940576b44f23e31d66d,1,1,0
5bdeab1f3666bb24c29c730a63bddf37,1,2,0
5c12db8e40c8ff2ad9500be3999f1066,1,1,0
5ce4ec3ce5cdb7dd1b1eeff204c8054e,1,2,0
5d0077feef18d729364971f0c979ed79,1,2,1
5d38415330234c697161a4791bac6b92,1,1,0
5df805411d8f6689603864dfc5e79b3b,0,1,0
5e00c0be21eb68b8eaedd8e88f1311c7,1,1,0
5e83e078a8bbdc0225d5fc8cac427c21,0,1,0
5e95aeca985307ad4545d283b56a2ce2,1,1,0
5ef7486eb82afac4595b1aa355a11eaa,1,1,0
5fca46b857af62f248880cb0f87030de,1,1,0
5ffb587c5f94ed22be42cecf6b5a5a9b,1,1,0
6117c81ec92a4ad7fc5b56b6da5276bc,1,2,0
614840140545020c7ef63528399726df,1,1,0
61a52a130c63f93e75307d4ad693568a,1,1,0
61ecefaf87c2047f3ca0e23b76255c3f,0,2,0
6217f0dd74647d529a127b5c3a81af68,1,1,0
622a0370f6b1ae614eea5362d6a1a578,0,1,0
627fb149977e8f65ad13299e52f557ee,0,1,0
62878d9d4065d293bab70a2cf6de7b38,1,1,1
62dc009d766e9b190482edbe98f403a0,1,1,0
62e559a4a75e0f380ce9d74834556739,1,1,0
6334c579affefa8c92a373172ef07ea8,1,1,1
636762a2a7bf27c4f0c9749609d76583,1,1,0
640ea8d4798d8da9561ef1deedefd572,1,2,1
647e20779b930e714630662bd71de8ce,0,2,0
65c0e446ce14977751c26ddc4d39a788,1,1,0
65f2c47186d581ffab2412437fbf7b18,1,1,0
65ff2db0bdc5192fbdbfafc9ab9f7258,1,1,0
665374f2ca6216a8c24061222f126656,1,1,1
667d09f046215b9129121819b2752aa0,1,1,0
66c2b2152a2ad46318de433a228a0d53,1,2,1
66f60ea177c21318124abefa5a174b1b,1,1,1
67174313c2b6d7048eb40b7bdfe1c806,1,1,1
67a96b1f7c06649bb75ed2031deb845a,1,1,0
67d58e8b36b9f36d63a348536de3d325,1,1,0
67d610a0dc5b4da87167cb2e081df29a,1,1,0
680e1257bffa7d8a7db95d9505a0ff00,0,2,0
6847b3b3fac3fc779b8b15c44c8b0626,1,1,0
685c015c15cf584593f2f5238bd01f57,1,1,0
6884960ce855754f9abd2f88a664fb94,1,2,0
69428d0e9b152ffddc09db3fc6f75392,1,1,0
6a8a6eb3c827ef409ef58a4ab6455a53,1,1,0
6adffce48b9cfe265a173ab731b3f412,1,1,0
6b13a723bd149ece74b2a2b81a6c5882,1,1,1
6b1464fa266d898ceb7d8736f7673fa8,1,1,0
6bfe98ab64b8ea1ba0a938a8b2cddc78,1,2,1
6c174f7bfc5e4bf4553f47e4e834c0e7,1,1,1
6c50301599321c2ef2a7bc516e0f3ae0,0,2,0
6ccad10536cf7839cb37c6d171df9b6e,0,1,0
6d3cbc9b658eedf9300100efd4b6a1b5,1,1,0
6d9dbe7eaa8ab913ac5704ac26822070,1,2,1
6dfacecfea8c2920da5847edc5d8c871,1,2,1
6e23a924eaf565555b673d5c8561d438,0,2,0
6e3b8add7cfea8ab2a346a9d14cc5925,1,1,1
6e6637fe2a8d76522ecfa7f1a09af624,0,1,0
6e9885f2dd1ed8aed9c110d32dfae5a5,1,2,0
6e9a0a13c6252f85822e72e45bdad7ea,1,1,0
6f33b50a6cc89fe1c926904db2b8027a,1,1,0
6f4a5288133508fe117f83370530565d,1,1,1
70aa284b0e2f4a84b785d01863b5bc66,1,1,1
712275717c78cafdbd1207cefd50c7cf,1,1,1
7150caa992f35d650298f5eb3bacf450,1,1,1
723c0857aeb79d07ba39670e003a0143,0,2,1
72b1fb2b3b2f1b7a04e7f576ca6a93ca,1,2,0
72eaddb23741734a6bae1d262f00b692,1,2,0
7321cebb6fefd985d464246af2cf97ba,1,1,0
73ed8f97877d22a982362875a6342035,1,1,1
744c3914ca8d99325ae87547379537ab,0,2,1
7522a965c7b9d692cc8fd9c5ea766618,1,2,1
75e7d218b5c9da3789d572be3dd50412,1,1,0
76bdd2cdc8b963ce291e13ff9b586cfb,1,1,0
76d1f6170f3167e3b507646e7b625603,1,1,0
76defb6860c7cc0e320774929201a13a,1,1,0
771faa6c8f9fa4d580393bca850686f1,1,2,1
77367de56cf6a050943b7c286cf30f20,1,1,1
77609d8d666937b6172e7f2d3ab5f8ab,1,1,0
77893ac6d8b2da68f1b5a4a37e1901d3,1,1,1
78546c63ca4dd5a10bcf1aebe4e3052c,1,1,1
7a661b70a3b7b4f5a91f8912a8eb619a,1,1,0
7b3eeef9e6039fa09686ebe92292d586,0,2,0
7b649dc41d1c46102f39abccae64e0e8,1,2,0
7bf58910536ee34e4dc6e8c7fb90c84b,1,1,0
7c0b1dc90a86efa62b4b05a1f25a2dda,1,1,0
7ce4e5f55de6a4f641a26e01f2d82bc0,1,1,1
7d47aceb9d94c08dbb3494dc6ce79fa4,1,2,1
7e0ece0e5d6a09d029dc4e4ac5cb4aa9,1,1,0
7e2601ac46564ba0c29856ed39ff9ad2,1,1,1
7f326a7eb5213031686c46e995f95415,1,2,1
7f4c49640e861ebfad46fed044c227b4,1,2,0
7f5c0bd56bda0e01fff299398094eb65,1,1,0
7f8f44c8b21d9c3562592d049fc86273,1,1,1
806b7327aa0a166403679df6ce259ecd,1,1,0
808a1eafae075b54cdb3bb345fb1aa7b,1,1,0
80b4745ce012e6d4ccc5b63c027ea415,1,1,0
811e56c5b96fb897371da5b7cceb9c79,1,2,0
813255d3febdf834405021201ddcf1c8,1,1,0
813d3883f0f3406a211e68ad05551a87,1,1,0
81751f9fed24b86141e3e365f79b947f,1,1,1
81bac411bb383173f00bcbd67cfdd8d8,1,1,1
81db63d1395aa8aaa502870a2966116c,0,2,0
81dd60ac7d2d82f99881bfcc8897c51c,1,2,1
824bd848f705e718e843d6d9e04b81bc,1,1,1
82c38ccebd7c56429f5536548471651f,1,2,0
8325c75febf3cc6569edb8d113adbaab,0,2,0
83399f51c2bc09047395979ee8b696f4,0,1,0
83cec82e35b12eae0557af8de6a6b8dd,1,1,0
83e532b28a55a430f620b7dd27d6363d,1,1,0
84042b60d9afa0891fc53eb6dc0a5dc3,1,1,0
84a7314c51c597ecdabf3230ece93898,1,1,0
84e91b194afacd93cf5dc52a9e78cb1b,1,1,0
856d7f8cd528940f8a8e590495582f6a,1,1,1
85955182847978f2fc1be5ea736b662d,1,1,0
86ff9047438a8aa70f7dfb11d500a9c5,1,2,0
873e43425610e2d8c20a649b26bb7289,1,1,1
875a3e54255ea35d129f2b5c5cab3b87,1,1,0
87b237a403e25b7a494c57d84e43caf0,1,1,0
885f6e575cc086d942c0d2638de2737c,1,2,0
89787d762b186ab80c8ca4d446b5065f,0,2,0
89857285e91f42398f7f135a9ebf8139,1,1,0
8a4330468d22d6f51c0633755fda931a,0,2,0
8a811899b5a9060b0fec4cb60bb569b5,0,2,0
8ad7a5a3805e11daf66abcb245223ecb,1,1,0
8adeec8ebd8a19039453ac8c9f6675df,1,2,1
8b2f4c6bec3a11478152628a73d2cb82,1,1,0
8b8e2627c35d36e38e5107d2eaf80a1b,1,1,0
8bdd97aae34575f9fe247c74b7307124,1,1,1
8c440a16c531b89233cdee24c1cd1c64,1,1,1
8d8d8ffe584c0e5f974d68660506cd2b,1,1,0
8db7d2d009f03323015d58905a0bb95a,1,1,1
8df37e6d5d0c2314c5a8254706e72007,1,1,1
8e3ba9ad3ff4e0d1a145ce07cea95482,1,1,0
8ecafae291ad05d100fbfd5699d812fb,1,1,0
8f3612d568f6328eb00873f3a34891d6,1,2,1
8f621b9d6510f48bb8eb7d8afa999d12,1,2,0
8f68ab8e7eb66ad831f319f67a4d4e74,1,1,0
8f7012193d5595dc908583ad07f34836,1,1,1
90cb5e272826363f8b565ccf4dce7259,1,1,0
90d3ea1e6642d22dbb32c2f50a191942,1,1,0
910c3c83aee48a88f51f65cb11ed9f63,1,1,1
9238d68cda7ab59623d606d400ecc8b5,1,1,0
92e5cc9f54309f59b92b712d750d1cb2,1,2,0
9310869e9debe71e4a03469bcb2feb6f,0,2,0
933a1bcb0250e103f71822b2cccb4283,1,2,1
947d855bd8e7ae223bc53ac149adca9c,1,1,0
952396adc3b222f36d4c41a69e4736ab,0,1,1
95a1bf076e0162a4c0d62b3d4aa78304,0,2,0
96b0a3e2ef8e75e5590a8ebab616271e,1,1,1
96b8a4cdc6895ea399551a594c5696d3,1,1,0
9713427b5e781c0501caeda1c04441e9,1,1,0
97287822875a0cf63fb1b453d36a1591,1,1,0
973a5c6ed9675fe7d3c0c3ab7c418e55,1,1,0
97e2d0336e6aaf8c719780d91eee0329,1,1,0
9804794dfd41ccaf5a41efa279c7900e,0,1,0
9863af6b641c6d5a853c813fc5bf85fe,1,1,1
98adf3c0ce9c0bbf58d8b3c04ca15994,1,1,0
98fb51fce242f2fa7010a4fac8e3d8d7,1,1,1
9abe075da5b0c634519e2c2b34ee8d81,1,1,1
9b1c9efe38c94a2800d0e68f5fc1a652,1,1,0
9b2eb7c67d22dbcf614ffea2f51a0402,1,1,0
9bd4fe79d0fd1645270544d3cc3b50b9,1,1,0
9c82c906164fc5fc38950111ef7825c7,1,1,0
9d6fc305bd10e139fcec73273f1fc0b0,1,1,1
9dd209067133834262a25994c28fb306,1,1,0
9e1711de9be338359ccf2bcdf4cf1e08,1,2,1
9e50069852c5923a335fa90f3cfd280e,1,1,1
9e692dcdf45b952fdc47bf5beb9b182e,1,1,0
9f2d038ac2ca0d7caf80911000afb8ae,0,1,0
a146c3dad335813c3e5a9c665efc6335,1,1,0
a15f6b8103b628ea74b68665f9e77aba,1,1,0
a1f34f123d037781d1c84e755df70f53,1,2,1
a3bbd1f8e8f42763ad01a1482fd1d42f,1,2,0
a419dba4d44de3e895f2766fd9296a4b,1,1,0
a44e49e8fe7889a0726c94a04392fa9f,0,2,0
a479c252ae036748b3f4da7ec848d6b0,1,2,0
a492f25f1281c6022822696e4833df35,1,2,0
a4df1b9cf47d2fa3bf394306eb5410d9,1,1,1
a4f6d92382fd651a4917314329131766,1,1,0
a572234e64d95d1b27442633e1aaaac1,1,1,1
a598406add07482a0a96e73efac62529,1,1,0
a691702bdbad49304f6399966a67a7da,1,1,0
a6be17757e90cb1702f189ad03f26c03,1,1,0
a703030e2b34f574c22d71dc8b1de566,1,1,0
a7098466f2a1bdc761d750e6bb52c023,0,2,1
a7482362878faff371f52e1a237f2f67,1,1,0
a7d03a23e0e1e66b1d598c8017244009,1,2,0
a7f9a328a9ead94e5a4f584845161ff1,0,1,1
a7fe310d7d30d38b1512b5e860ef180b,1,1,0
a829467dd9db11abf4a791120ca4eca3,1,2,1
a835de6f0cbbfdb4159bcc3da280517c,1,1,1
aa55190f23e6725aa683fa152da68e30,1,1,1
ab3a179e364d120b27952befb8d1d01f,1,1,0
ab82212280d77dbebe4a4b1f9698839e,0,1,0
acff75ecf7f3d1c5bbf5f6b5e6e8695e,1,1,1
ad8a7e4a69628076359bf65cfd6ec255,1,1,0
adfc3f5301801ff9f678c4ab6a0a3172,1,1,0
ae2cb9735cce9d8c7c03df6706c655a1,1,2,1
ae2cc961cc1d0255440cd4b96d281cc4,1,1,0
afa07920f4755f7764a846717ee2a810,1,1,0
b013ee562006909d94b9d4650e72f21e,1,1,0
b03de2bd2f411f516451cf009d22af97,1,1,0
b04c990f1447183cac9e6b61dcd95e69,1,1,0
b08c15aeedb9008fab71ccc7064dbf42,0,2,0
b0a0c3c4d933ca2a5fa2c0e99b5ccc10,1,1,0
b0b305029e48a73e421f89f7a98ef195,1,1,1
b0cf92837d7e882c715cbfa8626007c5,1,1,0
b0d6a6114dfd9e36dddfe7800ec20f5e,1,2,0
b14962d38a160666570b455e58d975e5,1,1,0
b1ed48d3d11e71675c18165eb20418b2,1,1,0
b1f01f5d533ac762efae43673242c464,1,1,0
b212ef8e3fc26f4b285b64fe2b6c079d,1,1,1
b26cf12d3330d3dd76af2777be2eb7f2,1,2,1
b2db34dbe8c418d830f5de6fe9d6e28e,1,2,0
b3f8174fbf887fc72509e7500efa81c3,1,1,1
b49db7c72d0225d7c1862e506a45a79f,1,1,1
b571a53ce1210c2d25f21a4a92301a2b,1,1,0
b58fa0171998628574b7812ab89538e6,1,1,0
b63b4fa907b95b007c378d276c551cad,1,1,0
b684daf199640b41f8e9696f5299a0f9,1,1,0
b6de95b473b7fbf2e0257f6c9e9e5980,1,1,1
b73813f67db3376950e9ca83315dab9f,0,1,0
b7b43f5ae07b0310949c9468e69cc72d,1,2,1
b7cf590b198c5d5e6f5ad1a0d20037bb,1,1,1
b85089136d25527135a6e2b859823a16,1,1,1
b8bdac0c2e45de6bb15ffef9c1318131,1,1,0
b90d5e7ddcbdc915cdaee0cfadfe1020,1,1,1
b9e1cf3171159a1c5b7e500366834d84,1,1,1
b9fd9cce6302abcd799b55bc5ad41294,0,1,0
ba30e3a2eb68cd3c6803c5e8a2b160c8,1,1,1
bae09967378a09610aa4a4dce48ee0d9,1,1,0
baf4d2f1ffb3dbf88eef761ca989317a,0,1,0
bbc6bb264f0d74ec66335fde217c1590,1,1,0
bc64530fdf3cb06bf217b328dbeddb7e,1,2,1
bca38ed37247567eaff8583df5a32b89,1,1,1
bd4b147eb2344bd59bdfab81a6a49410,1,1,1
bd98b6edf2aa77be02b21c45ffc6223e,1,1,1
bd9d2a3e457462100aa2da8128080151,1,1,0
bdcfc7e9236e0c06b22c7d69d40f814c,1,1,1
bdedcc45fe6781f3dab06b98d66c4326,1,2,1
be575f635cb21f5e79139ed0a7081d32,1,1,0
bee3c11ddd6d57885a58d895f4fd3bfa,1,2,0
c03c158e3a744787b4746a891dcb8461,1,1,0
c17f5eefa0004414e081dcb19c8ce4fb,1,1,1
c25b554aab828a5a93a959a26cff1604,1,1,0
c2a220a949605bfd76cb89f58b554a95,1,2,0
c342ec6d94b0f8512e4c15275bcd0136,1,1,0
c34547e5c99b6e6cc421377226cd5868,1,1,0
c36bbedc3592c1a271dfa47f9c0aaaed,1,1,0
c36ca17f575899d8689d8086948fc222,1,2,0
c5153f451d28e01ff25bb17f193a88f5,1,1,0
c600fa0cb9dce0017eb6803d0273bed9,1,1,0
c61fe11cd90d0561d6c7a0dbbd755a12,1,1,0
c67e43ccfc0c7ddbcdc490468ca23aa7,1,1,0
c756bd7cd20d06d8a8b0022a577bff23,1,1,1
c765750bf0d75b684e5325f508608b28,1,1,1
c830f22f6bf1902cfd4ad592c0e4c119,1,1,1
c8c530677fab98b9524db44de1f84700,1,2,1
c8cfd419d70e82a715a08e71124b20cb,1,1,0
c92d68102ce00b7bcc0a7f1f4c75c011,1,1,0
c937026efef019aff5537d8b43203c02,0,2,0
ca9d3ad5b60b2e1fdefaf9eaa4bcaf95,1,1,0
caddb981791105a7b15a0a823de1ea5d,1,1,0
cdd7a1578316eef373219fb19d27ef10,1,2,0
cf14ddf586f0d368eb8ccbe482668185,1,1,0
cf34d80995ed879b7a518797270e6acd,1,1,0
cf437a3131f35d3712fd04b2ceb43fd1,1,1,1
d0648955d8b8e9b6359278b47b957e04,1,1,0
d17197747df75b28df800a8bd2353191,1,1,0
d1afb80d9b7b831e08eec4c61a76a2a8,1,1,0
d24271d6fb3251ea548b4873c2f46799,1,2,0
d2a7e03be9cc468aebaf48d1b35d6480,0,1,0
d31bc9440388ef0312a33497492b27fb,1,2,0
d36d025f85982cb6402847ea13623050,1,1,0
d395bd99b6a8dd19f74c591dbe14ccc1,0,2,0
d52b37eb6c3b6340365618b8686e1cd3,0,1,0
d53baac1d41cb2d2579e68594843036d,1,1,0
d5ac2f47802c4669e7e81068abb31f64,1,2,1
d5d1544a43b99a3886dbbaad1b5a2661,0,2,0
d628bd0ef1e27e708f0b17eb69c795db,1,2,0
d68407acf344366b2654538d08d6de7a,1,1,0
d6db263c7168bfe5a6209e0572778ec3,1,1,1
d7d9eac159030302f402655e465a6dca,1,1,1
d96f6ac64ecde1f46fbbbffaa8bb4c5c,1,1,0
da3cc084687fe65d4f1c24413c04988d,1,1,1
da449b13e903d1132c635c7f01032429,1,1,0
da7749303ae5dc866518eca3817b8865,0,1,0
dcb9fc224aa604614e634aeb0182b59f,1,2,0
dce8ce828632d1f71868c332527bb0f2,1,1,0
dd013abe2d0377f3b33df91ddf14f884,1,1,0
dd27126a2b061118c3b8a2ca72cd0bcf,1,1,1
ddfa41d7ef7711be68dbfef9f83358ec,1,1,0
de74adfb3647fb285b2ae8b5ad085e2f,1,1,0
ded9ff7efdc81e2204ad61ce35509b9d,1,1,0
df0fb02c8ce40aeb6bd2e4585f9a2c63,1,1,0
df2175355ad66b11c9d0e747244624ff,1,1,0
df84e4460ff2d12bd265d1e19e66be64,1,1,0
df88ca7d8fd2bf8538ae954d919c4c47,1,2,1
e01b8cb37c6ccbe87787a2ca14a0ed69,1,1,0
e097e40f0db69303910443f82d07908a,1,1,0
e09c9deb9954ed612a13bfde3567ff49,1,1,1
e0db1a1bd256f80544ef0ad12a757f1a,1,2,1
e126886bc93897795b920c421fadff83,1,1,0
e17e425e33ac02b742250cc72a1c83bf,1,1,0
e1bf52e6ddabf37cbcf0f9c1bc4acd3e,0,2,0
e1c9afd2573392e6dafda1f9b0d606db,1,1,0
e1e255eaa1ac8e4c093dec407f16ea77,1,1,0
e239b09cb9187dc2a03454c1bf867e45,1,1,0
e24da09698410cdce69488f69d340991,1,1,0
e2bf08fb1a41e21140ea7d7ef5edecfe,0,1,0
e2bf7aa3e4b113818d73ef1baf17d67d,1,1,0
e4f433ff452ce05e77959efa20cf5a99,0,2,0
e561294a92e7512dd1c9afb8df1d479d,0,1,0
e5a11b3d56295dad1a2f48ebb9da77cb,1,1,0
e62896a5abd5064854a4ff95e294c5c2,1,1,0
e668a726815ef71ceb0d6e00c156e96e,1,1,0
e695a2b2ce3942c87d5732955acaacfd,1,1,0
e6977b3d55c11952c0c5b9369638696c,1,1,0
e6ab8303514cd8759945f5ce5fc30132,1,2,0
e6dbf2f5cd3d5008c2e73512634cae9b,1,1,1
e6e05c6fd63a56bdc3d8186537379dc5,1,1,0
e767b1ff124fe9a87d4c624f3f9d1d04,1,1,0
e785eb038a025113cf318dec30893f61,1,1,1
e81e54e527e1722f0c994361ed4dea31,1,1,0
e86d3c4d6042ba702380ca913be17976,1,2,1
e8834b23c45ac3d8ba1c670950c3d538,1,1,0
e8bcda7cc840d7c145f8d04427315e94,0,2,0
e935068d7be01f5592de0b05811b0451,1,1,1
e9565810e5dbe2a5f48aff201fd4f759,1,1,0
e9c30c97e6f042aa3f540c9eabe2f5a9,1,1,0
e9ef1e06a71f47f8451f9fa7eda471c3,1,1,1
ea3f4fc20fa24adb0e429d49be748be9,0,2,0
ea826e3c61113503201524f4ec1f4548,1,1,0
eb012b49fa84a59b2c197d2fa0d307fe,1,1,0
eb4fb09890b0e9d7fdbce58066b224b9,1,1,0
ec8ef7b7f25683f104f4a4913c08344d,1,1,1
ecc6636b9d246957e5410fca0a5525f8,1,1,1
edd077af33576740ee416ae2018195b1,1,1,0
ee135817222a926dca7d5e74be6a328f,1,1,1
ee87bb73ee161bcf3da7effca4b9eadc,1,2,0
efc4125aa9f63e4c9a0dc2dfe1a9e8de,1,1,0
f097b6f8b930ed6ae6d95c87aec52b3b,1,1,1
f0ce06e55e80663284c623c2412b8f00,1,2,1
f1249c4788f121cafaf32488f035f442,1,2,0
f183bdcafdb110bfa4a0b2d0efc87664,1,1,0
f34278fb6aa2422dafabe7bd8e8d1d68,0,0,0
f378c4d3f1e247381242492bf50e6f13,1,1,0
f48ef06e8bdbd26ec96b80add6ff19f3,0,1,0
f4b589f5beaf3f25815f425e5c9d92a0,1,0,0
f506ebbc2521d3b91e4c3e77d33e5235,0,1,0
f53f29cf97e4596bee8c3a5967951374,1,1,1
f5afb66b0d921a57b0266b6f56e5a543,1,2,1
f5bba10019cefcada767d7296620d71c,0,2,0
f62ce5c35c34723c6844d1fcc3449215,0,2,0
f74dee57b11fe3e773aa9251b2d84550,1,1,0
f76cd2a7e864a5e34e46b646d759840d,1,1,0
f837dcf765ebeff30fdc671adb951d0b,1,1,0
f852791a47366557b9ec187f21845d9a,1,1,0
f873c31b00f4eb3590994102ca43e69f,0,1,0
f899963dbae63383b1f722f7f539706a,1,1,0
f8b0fa0f50c3204086e75594eeffaab5,1,2,1
f94f775f98a5f056fc6a9fa7d7e26171,1,2,1
f96803c03f10322fd6d4cd84c9c807c6,1,1,1
f9cd2f2a0ec8c1938787d0d130e96a2e,0,1,0
fa035a33e8b247a521027f1379d82daa,1,1,0
fa71d3f33bc5ecbca090f7d9a9bf3f7c,1,1,0
fadeac17de6054ee52017232be28914e,1,1,0
fbb99cc2d99c20d7e281816dad079e4d,1,1,0
fc70891ad222fb073145a03b38a76149,1,1,1
fc7845c5d411c75dc23bd1a7d434e88d,1,1,0
fd2460548a73a5bc85b2d38b2b47d95b,1,1,1
fe0b9a937238da2919953e9894a90a81,1,2,1
fe4178a963dd631b8996173bc0926c95,1,1,0
fed417487a41afa564a42f04aa4d766f,1,1,0
ff0cd6528bea2eacdc3aebd6dc5c6907,1,1,1
ff5a2270310c6dee99e1caf7de9b7c8c,1,1,1
